{"cameraMode":{"drawMode":0,"name":"Shaded","section":"Shading Mode"},"sceneLighting":true,"audioPlay":false,"sceneViewState":{"m_AlwaysRefresh":false,"showFog":true,"showSkybox":true,"showFlares":true,"showImageEffects":true,"showParticleSystems":true,"showVisualEffectGraphs":true,"m_FxEnabled":true},"in2DMode":false,"pivot":{"x":0.7876498699188232,"y":0.7045063376426697,"z":0.5787352323532105},"rotation":{"x":-0.19215916097164155,"y":0.35020512342453005,"z":-0.07378606498241425,"w":-0.9138546586036682},"size":2.182142972946167,"orthographic":false}